,Unnamed: 0,rsu,TR,weights,n_veh,n_buses,n_sav,n_chs,stab_eval,connected_componentes
0,0,no,500,[0. 0. 1.],49,5,0.1,10.6,0.543779277215093,10.6
1,1,no,500,[0.  0.1 0.9],49,5,0.1,10.6,0.542366847836562,10.6
2,2,no,500,[0.  0.2 0.8],49,5,0.1,10.6,0.5508414241077483,10.6
3,3,no,500,[0.  0.3 0.7],49,5,0.1,10.6,0.5508414241077483,10.6
4,4,no,500,[0.  0.4 0.6],49,5,0.1,10.6,0.5521846167520377,10.6
5,5,no,500,[0.  0.5 0.5],49,5,0.1,10.6,0.5521541013025015,10.6
6,6,no,500,[0.  0.6 0.4],49,5,0.1,10.6,0.5521541013025015,10.6
7,7,no,500,[0.  0.7 0.3],49,5,0.1,10.6,0.5337925193815977,10.6
8,8,no,500,[0.  0.8 0.2],49,5,0.1,10.6,0.5366173781386598,10.6
9,9,no,500,[0.  0.9 0.1],49,5,0.1,10.6,0.5366173781386598,10.6
10,10,no,500,[0. 1. 0.],49,5,0.1,10.6,0.532430762148029,10.6
11,11,no,500,[0.1 0.  0.9],49,5,0.1,10.6,0.5522538534862793,10.6
12,12,no,500,[0.1 0.1 0.8],49,5,0.1,10.6,0.5508414241077483,10.6
13,13,no,500,[0.1 0.2 0.7],49,5,0.1,10.6,0.5536662828648105,10.6
14,14,no,500,[0.1 0.3 0.6],49,5,0.1,10.6,0.5535970461305687,10.6
15,15,no,500,[0.1 0.4 0.5],49,5,0.1,10.6,0.5521846167520377,10.6
16,16,no,500,[0.1 0.5 0.4],49,5,0.1,10.6,0.5521541013025015,10.6
17,17,no,500,[0.1 0.6 0.3],49,5,0.1,10.6,0.5451091193502103,10.6
18,18,no,500,[0.1 0.7 0.2],49,5,0.1,10.6,0.538046972457555,10.6
19,19,no,500,[0.1 0.8 0.1],49,5,0.1,10.6,0.5352010008238449,10.6
20,20,no,500,[0.1 0.9 0. ],49,5,0.1,10.6,0.5351098763478107,10.6
21,21,no,500,[0.2 0.  0.8],49,5,0.1,10.6,0.5522538534862793,10.6
22,22,no,500,[0.2 0.1 0.7],49,5,0.1,10.6,0.5607284297574657,10.6
23,23,no,500,[0.2 0.2 0.6],49,5,0.1,10.6,0.5536834478051745,10.6
24,24,no,500,[0.2 0.3 0.5],49,5,0.1,10.6,0.5550266404494638,10.6
25,25,no,500,[0.2 0.4 0.4],49,5,0.1,10.6,0.5549961249999277,10.6
26,26,no,500,[0.2 0.5 0.3],49,5,0.1,10.6,0.5422842605931482,10.6
27,27,no,500,[0.2 0.6 0.2],49,5,0.1,10.6,0.5465004358520934,10.6
28,28,no,500,[0.2 0.7 0.1],49,5,0.1,10.6,0.5352010008238449,10.6
29,29,no,500,[0.2 0.8 0. ],49,5,0.1,10.6,0.5322850175907485,10.6
30,30,no,500,[0.3 0.  0.7],49,5,0.1,10.6,0.5550787122433415,10.6
31,31,no,500,[0.3 0.1 0.6],49,5,0.1,10.6,0.5692201709690164,10.6
32,32,no,500,[0.3 0.2 0.5],49,5,0.1,10.6,0.5649828828334232,10.6
33,33,no,500,[0.3 0.3 0.4],49,5,0.1,10.6,0.5549961249999277,10.6
34,34,no,500,[0.3 0.4 0.3],49,5,0.1,10.6,0.5535625827447489,10.6
35,35,no,500,[0.3 0.5 0.2],49,5,0.1,10.6,0.5394382889594381,10.6
36,36,no,500,[0.3 0.6 0.1],49,5,0.1,10.6,0.540759593861935,10.6
37,37,no,500,[0.3 0.7 0. ],49,5,0.1,10.6,0.5286127012065678,10.6
38,38,no,500,[0.4 0.  0.6],49,5,0.1,10.6,0.5579035710004037,10.6
39,39,no,500,[0.4 0.1 0.5],49,5,0.1,10.6,0.5663953122119542,10.6
40,40,no,500,[0.4 0.2 0.4],49,5,0.1,10.6,0.5649828828334232,10.6
41,41,no,500,[0.4 0.3 0.3],49,5,0.1,10.6,0.5606247296374042,10.6
42,42,no,500,[0.4 0.4 0.2],49,5,0.1,10.6,0.5394382889594381,10.6
43,43,no,500,[0.4 0.5 0.1],49,5,0.1,10.6,0.5365223057263417,10.6
44,44,no,500,[0.4 0.6 0. ],49,5,0.1,10.6,0.540759593861935,10.6
45,45,no,500,[0.5 0.  0.5],49,5,0.1,10.6,0.5607284297574657,10.6
46,46,no,500,[0.5 0.1 0.4],49,5,0.1,10.6,0.5663953122119542,10.6
47,47,no,500,[0.5 0.2 0.3],49,5,0.1,10.6,0.5634495883944663,10.6
48,48,no,500,[0.5 0.3 0.2],49,5,0.1,10.6,0.5464093113760593,10.6
49,49,no,500,[0.5 0.4 0.1],49,5,0.1,10.6,0.5379347351048728,10.6
50,50,no,500,[0.5 0.5 0. ],49,5,0.1,10.6,0.5421720232404661,10.6
51,51,no,500,[0.6 0.  0.4],49,5,0.1,10.6,0.5607284297574657,10.6
52,52,no,500,[0.6 0.1 0.3],49,5,0.1,10.6,0.5663953122119542,10.6
53,53,no,500,[0.6 0.2 0.2],49,5,0.1,10.6,0.561946034539901,10.6
54,54,no,500,[0.6 0.3 0.1],49,5,0.1,10.6,0.5506465995116525,10.6
55,55,no,500,[0.6 0.4 0. ],49,5,0.1,10.6,0.5392958034150938,10.6
56,56,no,500,[0.7 0.  0.3],49,5,0.1,10.6,0.5549875877673073,10.6
57,57,no,500,[0.7 0.1 0.2],49,5,0.1,10.6,0.5620152712741427,10.6
58,58,no,500,[0.7 0.2 0.1],49,5,0.1,10.6,0.56053360516137,10.6
59,59,no,500,[0.7 0.3 0. ],49,5,0.1,10.6,0.5491828090648112,10.6
60,60,no,500,[0.8 0.  0.2],49,5,0.1,10.6,0.5536185920159858,10.6
61,61,no,500,[0.8 0.1 0.1],49,5,0.1,10.6,0.5577266220702394,10.6
62,62,no,500,[ 0.8  0.2 -0. ],49,5,0.1,10.6,0.5491828090648112,10.6
63,63,no,500,[0.9 0.  0.1],49,5,0.1166666666666666,10.5,0.5439407332028002,10.5
64,64,no,500,[ 0.9  0.1 -0. ],49,5,0.1,10.6,0.5605467905969174,10.6
65,65,no,500,[1. 0. 0.],49,5,0.1166666666666666,10.5,0.5411629554250224,10.5
66,0,no,300,[0. 0. 1.],49,5,0.5333333333333333,16.833333333333332,0.4324625685506268,16.833333333333332
67,1,no,300,[0.  0.1 0.9],49,5,0.5333333333333333,16.833333333333332,0.4280510383782132,16.833333333333332
68,2,no,300,[0.  0.2 0.8],49,5,0.55,17.366666666666667,0.423722515500229,17.366666666666667
69,3,no,300,[0.  0.3 0.7],49,5,0.55,17.4,0.4356478028565509,17.4
70,4,no,300,[0.  0.4 0.6],49,5,0.55,17.4,0.4356478028565509,17.4
71,5,no,300,[0.  0.5 0.5],49,5,0.6333333333333333,16.966666666666665,0.4445659497218281,16.966666666666665
72,6,no,300,[0.  0.6 0.4],49,5,0.6333333333333333,16.966666666666665,0.4323312017112181,16.966666666666665
73,7,no,300,[0.  0.7 0.3],49,5,0.6333333333333333,16.966666666666665,0.4323312017112181,16.966666666666665
74,8,no,300,[0.  0.8 0.2],49,5,0.5,17.583333333333332,0.4215116967262932,17.583333333333332
75,9,no,300,[0.  0.9 0.1],49,5,0.5,17.333333333333332,0.4220159630603162,17.333333333333332
76,10,no,300,[0. 1. 0.],49,5,0.5,17.383333333333333,0.4217325266134574,17.383333333333333
77,11,no,300,[0.1 0.  0.9],49,5,0.5333333333333333,16.833333333333332,0.4324625685506268,16.833333333333332
78,12,no,300,[0.1 0.1 0.8],49,5,0.55,16.616666666666667,0.4315236290059762,16.616666666666667
79,13,no,300,[0.1 0.2 0.7],49,5,0.55,16.616666666666667,0.4314989783411125,16.616666666666667
80,14,no,300,[0.1 0.3 0.6],49,5,0.55,17.4,0.4356478028565509,17.4
81,15,no,300,[0.1 0.4 0.5],49,5,0.55,17.4,0.4270271132013785,17.4
82,16,no,300,[0.1 0.5 0.4],49,5,0.6333333333333333,17.0,0.4421234209861959,17.0
83,17,no,300,[0.1 0.6 0.3],49,5,0.6333333333333333,17.0,0.4327622361939767,17.0
84,18,no,300,[0.1 0.7 0.2],49,5,0.5,17.583333333333332,0.4215116967262932,17.583333333333332
85,19,no,300,[0.1 0.8 0.1],49,5,0.5,17.333333333333332,0.4223400371343903,17.333333333333332
86,20,no,300,[0.1 0.9 0. ],49,5,0.5,17.383333333333333,0.4239547488356796,17.383333333333333
87,21,no,300,[0.2 0.  0.8],49,5,0.5333333333333333,16.583333333333332,0.427242964275882,16.583333333333332
88,22,no,300,[0.2 0.1 0.7],49,5,0.55,16.366666666666667,0.4278125256799423,16.366666666666667
89,23,no,300,[0.2 0.2 0.6],49,5,0.55,16.366666666666667,0.4262817014858578,16.366666666666667
90,24,no,300,[0.2 0.3 0.5],49,5,0.55,17.4,0.4356424029523364,17.4
91,25,no,300,[0.2 0.4 0.4],49,5,0.6333333333333333,17.0,0.4457584784574603,17.0
92,26,no,300,[0.2 0.5 0.3],49,5,0.6333333333333333,17.0,0.4415433084383033,17.0
93,27,no,300,[0.2 0.6 0.2],49,5,0.5,17.583333333333332,0.4215116967262932,17.583333333333332
94,28,no,300,[0.2 0.7 0.1],49,5,0.5,17.383333333333333,0.4228899340208648,17.383333333333333
95,29,no,300,[0.2 0.8 0. ],49,5,0.5,17.383333333333333,0.4239547488356796,17.383333333333333
96,30,no,300,[0.3 0.  0.7],49,5,0.5333333333333333,16.583333333333332,0.427242964275882,16.583333333333332
97,31,no,300,[0.3 0.1 0.6],49,5,0.55,16.366666666666667,0.4278265302979014,16.366666666666667
98,32,no,300,[0.3 0.2 0.5],49,5,0.55,16.366666666666667,0.426295706103817,16.366666666666667
99,33,no,300,[0.3 0.3 0.4],49,5,0.55,17.2,0.421883073079981,17.2
100,34,no,300,[0.3 0.4 0.3],49,5,0.6333333333333333,16.8,0.4402916491885963,16.8
101,35,no,300,[0.3 0.5 0.2],49,5,0.5,17.633333333333333,0.4299613364896649,17.633333333333333
102,36,no,300,[0.3 0.6 0.1],49,5,0.5,17.383333333333333,0.4228899340208648,17.383333333333333
103,37,no,300,[0.3 0.7 0. ],49,5,0.5,17.383333333333333,0.4242788229097537,17.383333333333333
104,38,no,300,[0.4 0.  0.6],49,5,0.5333333333333333,16.633333333333333,0.4272404066853368,16.633333333333333
105,39,no,300,[0.4 0.1 0.5],49,5,0.55,16.416666666666668,0.4278239727073563,16.416666666666668
106,40,no,300,[0.4 0.2 0.4],49,5,0.55,16.416666666666668,0.4262931485132719,16.416666666666668
107,41,no,300,[0.4 0.3 0.3],49,5,0.6333333333333333,16.8,0.4487715338401971,16.8
108,42,no,300,[0.4 0.4 0.2],49,5,0.5,17.633333333333333,0.4393474729520725,17.633333333333333
109,43,no,300,[0.4 0.5 0.1],49,5,0.5,17.633333333333333,0.4297558922164239,17.633333333333333
110,44,no,300,[0.4 0.6 0. ],49,5,0.5,17.383333333333333,0.4242788229097537,17.383333333333333
111,45,no,300,[0.5 0.  0.5],49,5,0.5333333333333333,16.633333333333333,0.4272404066853368,16.633333333333333
112,46,no,300,[0.5 0.1 0.4],49,5,0.55,16.416666666666668,0.4278239727073563,16.416666666666668
113,47,no,300,[0.5 0.2 0.3],49,5,0.55,16.416666666666668,0.418666029869204,16.416666666666668
114,48,no,300,[0.5 0.3 0.2],49,5,0.55,17.766666666666666,0.4466207498589684,17.766666666666666
115,49,no,300,[0.5 0.4 0.1],49,5,0.5,17.633333333333333,0.4414019156844814,17.633333333333333
116,50,no,300,[0.5 0.5 0. ],49,5,0.5,17.383333333333333,0.4242788229097537,17.383333333333333
117,51,no,300,[0.6 0.  0.4],49,5,0.5333333333333333,16.633333333333333,0.4272404066853368,16.633333333333333
118,52,no,300,[0.6 0.1 0.3],49,5,0.5333333333333333,16.883333333333333,0.4410667379308695,16.883333333333333
119,53,no,300,[0.6 0.2 0.2],49,5,0.55,17.766666666666666,0.4480096387478573,17.766666666666666
120,54,no,300,[0.6 0.3 0.1],49,5,0.55,17.766666666666666,0.4357431394217627,17.766666666666666
121,55,no,300,[0.6 0.4 0. ],49,5,0.5,17.633333333333333,0.4319169091655765,17.633333333333333
122,56,no,300,[0.7 0.  0.3],49,5,0.5333333333333333,16.883333333333333,0.441072137835084,16.883333333333333
123,57,no,300,[0.7 0.1 0.2],49,5,0.45,17.383333333333333,0.4391128286215816,17.383333333333333
124,58,no,300,[0.7 0.2 0.1],49,5,0.55,17.766666666666666,0.4472259396882961,17.766666666666666
125,59,no,300,[0.7 0.3 0. ],49,5,0.5,17.633333333333333,0.4292550230291141,17.633333333333333
126,60,no,300,[0.8 0.  0.2],49,5,0.45,17.25,0.4339453040680823,17.25
127,61,no,300,[0.8 0.1 0.1],49,5,0.45,17.383333333333333,0.4264009642148019,17.383333333333333
128,62,no,300,[ 0.8  0.2 -0. ],49,5,0.55,17.766666666666666,0.445465361643985,17.766666666666666
129,63,no,300,[0.9 0.  0.1],49,5,0.45,17.25,0.434792761695201,17.25
130,64,no,300,[ 0.9  0.1 -0. ],49,5,0.55,17.766666666666666,0.4455018017572617,17.766666666666666
131,65,no,300,[1. 0. 0.],49,5,0.45,16.6,0.4222166421809036,16.6
132,0,yes,100,[0. 0. 1.],49,7,2.85,36.7,0.1396949067203508,36.7
133,1,yes,100,[0.  0.1 0.9],49,7,2.85,36.7,0.1396949067203508,36.7
134,2,yes,100,[0.  0.2 0.8],49,7,2.816666666666667,36.75,0.1503601910994376,36.75
135,3,yes,100,[0.  0.3 0.7],49,7,2.816666666666667,36.65,0.1503521645225788,36.65
136,4,yes,100,[0.  0.4 0.6],49,7,2.816666666666667,36.65,0.1503521645225788,36.65
137,5,yes,100,[0.  0.5 0.5],49,7,2.816666666666667,36.65,0.1500172362929137,36.65
138,6,yes,100,[0.  0.6 0.4],49,7,2.816666666666667,36.65,0.1500172362929137,36.65
139,7,yes,100,[0.  0.7 0.3],49,7,2.8,36.7,0.1499913380504872,36.7
140,8,yes,100,[0.  0.8 0.2],49,7,2.8,36.7,0.1475895001223335,36.7
141,9,yes,100,[0.  0.9 0.1],49,7,2.8,36.7,0.1475895001223335,36.7
142,10,yes,100,[0. 1. 0.],49,7,2.816666666666667,36.333333333333336,0.1506730827536052,36.333333333333336
143,11,yes,100,[0.1 0.  0.9],49,7,2.85,36.7,0.1396949067203508,36.7
144,12,yes,100,[0.1 0.1 0.8],49,7,2.816666666666667,36.63333333333333,0.139870643681802,36.63333333333333
145,13,yes,100,[0.1 0.2 0.7],49,7,2.816666666666667,36.65,0.1503521645225788,36.65
146,14,yes,100,[0.1 0.3 0.6],49,7,2.816666666666667,36.65,0.1503521645225788,36.65
147,15,yes,100,[0.1 0.4 0.5],49,7,2.816666666666667,36.65,0.1503521645225788,36.65
148,16,yes,100,[0.1 0.5 0.4],49,7,2.816666666666667,36.65,0.1500172362929137,36.65
149,17,yes,100,[0.1 0.6 0.3],49,7,2.816666666666667,36.65,0.1500172362929137,36.65
150,18,yes,100,[0.1 0.7 0.2],49,7,2.8,36.7,0.1475895001223335,36.7
151,19,yes,100,[0.1 0.8 0.1],49,7,2.8,36.7,0.1475895001223335,36.7
152,20,yes,100,[0.1 0.9 0. ],49,7,2.816666666666667,36.333333333333336,0.1506730827536052,36.333333333333336
153,21,yes,100,[0.2 0.  0.8],49,7,2.816666666666667,36.63333333333333,0.139870643681802,36.63333333333333
154,22,yes,100,[0.2 0.1 0.7],49,7,2.816666666666667,36.63333333333333,0.139870643681802,36.63333333333333
155,23,yes,100,[0.2 0.2 0.6],49,7,2.816666666666667,36.65,0.1503521645225788,36.65
156,24,yes,100,[0.2 0.3 0.5],49,7,2.816666666666667,36.65,0.1503521645225788,36.65
157,25,yes,100,[0.2 0.4 0.4],49,7,2.816666666666667,36.65,0.1500172362929137,36.65
158,26,yes,100,[0.2 0.5 0.3],49,7,2.816666666666667,36.65,0.1500172362929137,36.65
159,27,yes,100,[0.2 0.6 0.2],49,7,2.8,36.7,0.1497824825784738,36.7
160,28,yes,100,[0.2 0.7 0.1],49,7,2.8,36.7,0.1475895001223335,36.7
161,29,yes,100,[0.2 0.8 0. ],49,7,2.816666666666667,36.333333333333336,0.1506730827536052,36.333333333333336
162,30,yes,100,[0.3 0.  0.7],49,7,2.816666666666667,36.63333333333333,0.139870643681802,36.63333333333333
163,31,yes,100,[0.3 0.1 0.6],49,7,2.816666666666667,36.63333333333333,0.1499152865389449,36.63333333333333
164,32,yes,100,[0.3 0.2 0.5],49,7,2.816666666666667,36.65,0.1503521645225788,36.65
165,33,yes,100,[0.3 0.3 0.4],49,7,2.816666666666667,36.65,0.1503521645225788,36.65
166,34,yes,100,[0.3 0.4 0.3],49,7,2.816666666666667,36.65,0.1500172362929137,36.65
167,35,yes,100,[0.3 0.5 0.2],49,7,2.8,36.7,0.1502743035286989,36.7
168,36,yes,100,[0.3 0.6 0.1],49,7,2.8,36.7,0.1500654480566855,36.7
169,37,yes,100,[0.3 0.7 0. ],49,7,2.816666666666667,36.333333333333336,0.15096633788557,36.333333333333336
170,38,yes,100,[0.4 0.  0.6],49,7,2.816666666666667,36.63333333333333,0.139870643681802,36.63333333333333
171,39,yes,100,[0.4 0.1 0.5],49,7,2.816666666666667,36.63333333333333,0.1499152865389449,36.63333333333333
172,40,yes,100,[0.4 0.2 0.4],49,7,2.816666666666667,36.65,0.1506351300007904,36.65
173,41,yes,100,[0.4 0.3 0.3],49,7,2.816666666666667,36.65,0.1503002017711254,36.65
174,42,yes,100,[0.4 0.4 0.2],49,7,2.816666666666667,36.65,0.1503002017711254,36.65
175,43,yes,100,[0.4 0.5 0.1],49,7,2.8,36.7,0.1500654480566855,36.7
176,44,yes,100,[0.4 0.6 0. ],49,7,2.816666666666667,36.333333333333336,0.15096633788557,36.333333333333336
177,45,yes,100,[0.5 0.  0.5],49,7,2.816666666666667,36.63333333333333,0.1502033049721246,36.63333333333333
178,46,yes,100,[0.5 0.1 0.4],49,7,2.783333333333333,36.68333333333333,0.1508158104345136,36.68333333333333
179,47,yes,100,[0.5 0.2 0.3],49,7,2.816666666666667,36.65,0.1506351300007904,36.65
180,48,yes,100,[0.5 0.3 0.2],49,7,2.816666666666667,36.65,0.1503002017711254,36.65
181,49,yes,100,[0.5 0.4 0.1],49,7,2.8,36.7,0.1500654480566855,36.7
182,50,yes,100,[0.5 0.5 0. ],49,7,2.816666666666667,36.333333333333336,0.1532390651582973,36.333333333333336
183,51,yes,100,[0.6 0.  0.4],49,7,2.816666666666667,36.63333333333333,0.1502033049721246,36.63333333333333
184,52,yes,100,[0.6 0.1 0.3],49,7,2.783333333333333,36.68333333333333,0.1508158104345136,36.68333333333333
185,53,yes,100,[0.6 0.2 0.2],49,7,2.816666666666667,36.65,0.1506351300007904,36.65
186,54,yes,100,[0.6 0.3 0.1],49,7,2.816666666666667,36.65,0.150091346299112,36.65
187,55,yes,100,[0.6 0.4 0. ],49,7,2.816666666666667,36.333333333333336,0.1532390651582973,36.333333333333336
188,56,yes,100,[0.7 0.  0.3],49,7,2.816666666666667,36.63333333333333,0.1502033049721246,36.63333333333333
189,57,yes,100,[0.7 0.1 0.2],49,7,2.816666666666667,36.65,0.1506351300007904,36.65
190,58,yes,100,[0.7 0.2 0.1],49,7,2.816666666666667,36.65,0.1503002017711254,36.65
191,59,yes,100,[0.7 0.3 0. ],49,7,2.816666666666667,36.333333333333336,0.1532390651582973,36.333333333333336
192,60,yes,100,[0.8 0.  0.2],49,7,2.816666666666667,36.63333333333333,0.1502033049721246,36.63333333333333
193,61,yes,100,[0.8 0.1 0.1],49,7,2.816666666666667,36.65,0.1506351300007904,36.65
194,62,yes,100,[ 0.8  0.2 -0. ],49,7,2.816666666666667,36.333333333333336,0.1532390651582973,36.333333333333336
195,63,yes,100,[0.9 0.  0.1],49,7,2.816666666666667,36.63333333333333,0.1502033049721246,36.63333333333333
196,64,yes,100,[ 0.9  0.1 -0. ],49,7,2.8333333333333335,36.28333333333333,0.1532659051549938,36.28333333333333
197,65,yes,100,[1. 0. 0.],49,7,2.8,36.31666666666667,0.1499005518246121,36.31666666666667
198,0,no,400,[0. 0. 1.],49,5,0.15,12.433333333333334,0.4517663319418541,12.433333333333334
199,1,no,400,[0.  0.1 0.9],49,5,0.15,12.433333333333334,0.4452146078039232,12.433333333333334
200,2,no,400,[0.  0.2 0.8],49,5,0.15,12.433333333333334,0.4452146078039232,12.433333333333334
201,3,no,400,[0.  0.3 0.7],49,5,0.15,12.433333333333334,0.4437778261947277,12.433333333333334
202,4,no,400,[0.  0.4 0.6],49,5,0.15,12.433333333333334,0.4437073957236888,12.433333333333334
203,5,no,400,[0.  0.5 0.5],49,5,0.15,12.433333333333334,0.4422706141144933,12.433333333333334
204,6,no,400,[0.  0.6 0.4],49,5,0.15,12.633333333333333,0.4393605706970761,12.633333333333333
205,7,no,400,[0.  0.7 0.3],49,5,0.15,12.633333333333333,0.4384985017315589,12.633333333333333
206,8,no,400,[0.  0.8 0.2],49,5,0.15,12.633333333333333,0.4298778120763865,12.633333333333333
207,9,no,400,[0.  0.9 0.1],49,5,0.15,12.383333333333333,0.4313488096118149,12.383333333333333
208,10,no,400,[0. 1. 0.],49,5,0.1833333333333333,12.566666666666666,0.4303090794047263,12.566666666666666
209,11,no,400,[0.1 0.  0.9],49,5,0.15,12.433333333333334,0.4603870215970265,12.433333333333334
210,12,no,400,[0.1 0.1 0.8],49,5,0.15,12.433333333333334,0.4538352974590955,12.433333333333334
211,13,no,400,[0.1 0.2 0.7],49,5,0.15,12.433333333333334,0.4538352974590955,12.433333333333334
212,14,no,400,[0.1 0.3 0.6],49,5,0.15,12.433333333333334,0.4437778261947277,12.433333333333334
213,15,no,400,[0.1 0.4 0.5],49,5,0.15,12.433333333333334,0.4422706141144933,12.433333333333334
214,16,no,400,[0.1 0.5 0.4],49,5,0.15,12.566666666666666,0.4401633344210067,12.566666666666666
215,17,no,400,[0.1 0.6 0.3],49,5,0.15,12.633333333333333,0.4298778120763865,12.633333333333333
216,18,no,400,[0.1 0.7 0.2],49,5,0.15,12.633333333333333,0.4298603511887747,12.633333333333333
217,19,no,400,[0.1 0.8 0.1],49,5,0.15,12.383333333333333,0.4327684262806462,12.383333333333333
218,20,no,400,[0.1 0.9 0. ],49,5,0.1833333333333333,12.566666666666666,0.4388497944085182,12.566666666666666
219,21,no,400,[0.2 0.  0.8],49,5,0.15,12.433333333333334,0.4603870215970265,12.433333333333334
220,22,no,400,[0.2 0.1 0.7],49,5,0.15,12.433333333333334,0.4624559871142679,12.433333333333334
221,23,no,400,[0.2 0.2 0.6],49,5,0.15,12.433333333333334,0.4437778261947277,12.433333333333334
222,24,no,400,[0.2 0.3 0.5],49,5,0.15,12.433333333333334,0.4437073957236888,12.433333333333334
223,25,no,400,[0.2 0.4 0.4],49,5,0.15,12.566666666666666,0.4401458735333949,12.566666666666666
224,26,no,400,[0.2 0.5 0.3],49,5,0.15,12.633333333333333,0.4292856385450965,12.633333333333333
225,27,no,400,[0.2 0.6 0.2],49,5,0.15,12.633333333333333,0.4313219048946804,12.633333333333333
226,28,no,400,[0.2 0.7 0.1],49,5,0.15,12.383333333333333,0.4327473134039984,12.383333333333333
227,29,no,400,[0.2 0.8 0. ],49,5,0.1833333333333333,12.566666666666666,0.441148039248195,12.566666666666666
228,30,no,400,[0.3 0.  0.7],49,5,0.15,12.433333333333334,0.4603695607094148,12.433333333333334
229,31,no,400,[0.3 0.1 0.6],49,5,0.15,12.433333333333334,0.4624385262266562,12.433333333333334
230,32,no,400,[0.3 0.2 0.5],49,5,0.15,12.433333333333334,0.4523810549622883,12.433333333333334
231,33,no,400,[0.3 0.3 0.4],49,5,0.15,12.566666666666666,0.4415826551425904,12.566666666666666
232,34,no,400,[0.3 0.4 0.3],49,5,0.15,12.566666666666666,0.443044208848496,12.566666666666666
233,35,no,400,[0.3 0.5 0.2],49,5,0.15,12.633333333333333,0.4298636463937225,12.633333333333333
234,36,no,400,[0.3 0.6 0.1],49,5,0.15,12.633333333333333,0.4298636463937225,12.633333333333333
235,37,no,400,[0.3 0.7 0. ],49,5,0.1833333333333333,12.233333333333333,0.4862352277230933,12.233333333333333
236,38,no,400,[0.4 0.  0.6],49,5,0.1333333333333333,12.683333333333334,0.4706030918765926,12.683333333333334
237,39,no,400,[0.4 0.1 0.5],49,5,0.1333333333333333,12.683333333333334,0.4721117772413202,12.683333333333334
238,40,no,400,[0.4 0.2 0.4],49,5,0.1333333333333333,12.683333333333334,0.4603877556488776,12.683333333333334
239,41,no,400,[0.4 0.3 0.3],49,5,0.15,12.3,0.47408187806664,12.3
240,42,no,400,[0.4 0.4 0.2],49,5,0.15,12.3,0.4784678429789207,12.3
241,43,no,400,[0.4 0.5 0.1],49,5,0.15,12.3,0.4711579014584529,12.3
242,44,no,400,[0.4 0.6 0. ],49,5,0.15,12.05,0.4805632249965255,12.05
243,45,no,400,[0.5 0.  0.5],49,5,0.1333333333333333,12.683333333333334,0.4721035535571097,12.683333333333334
244,46,no,400,[0.5 0.1 0.4],49,5,0.1333333333333333,12.683333333333334,0.461856005433328,12.683333333333334
245,47,no,400,[0.5 0.2 0.3],49,5,0.1333333333333333,12.683333333333334,0.4492547908584293,12.683333333333334
246,48,no,400,[0.5 0.3 0.2],49,5,0.15,12.3,0.47408187806664,12.3
247,49,no,400,[0.5 0.4 0.1],49,5,0.15,12.3,0.4696959131543593,12.3
248,50,no,400,[0.5 0.5 0. ],49,5,0.15,12.05,0.4805632249965255,12.05
249,51,no,400,[0.6 0.  0.4],49,5,0.1333333333333333,12.683333333333334,0.473543688181866,12.683333333333334
250,52,no,400,[0.6 0.1 0.3],49,5,0.1333333333333333,12.683333333333334,0.4594887089870842,12.683333333333334
251,53,no,400,[0.6 0.2 0.2],49,5,0.15,12.3,0.4770828014276742,12.3
252,54,no,400,[0.6 0.3 0.1],49,5,0.15,12.3,0.4784678429789207,12.3
253,55,no,400,[0.6 0.4 0. ],49,5,0.15,12.3,0.4784650931576591,12.3
254,56,no,400,[0.7 0.  0.3],49,5,0.1333333333333333,12.683333333333334,0.4662337466613982,12.683333333333334
255,57,no,400,[0.7 0.1 0.2],49,5,0.1333333333333333,12.683333333333334,0.4741085920280198,12.683333333333334
256,58,no,400,[0.7 0.2 0.1],49,5,0.15,12.3,0.4931646727727035,12.3
257,59,no,400,[0.7 0.3 0. ],49,5,0.15,12.3,0.4989329294149691,12.3
258,60,no,400,[0.8 0.  0.2],49,5,0.1333333333333333,12.683333333333334,0.4711763917356221,12.683333333333334
259,61,no,400,[0.8 0.1 0.1],49,5,0.1333333333333333,12.683333333333334,0.4755705803321134,12.683333333333334
260,62,no,400,[ 0.8  0.2 -0. ],49,5,0.15,12.3,0.5019338527760032,12.3
261,63,no,400,[0.9 0.  0.1],49,5,0.1666666666666666,12.466666666666669,0.460105686787482,12.466666666666669
262,64,no,400,[ 0.9  0.1 -0. ],49,5,0.15,12.3,0.5107057826005645,12.3
263,65,no,400,[1. 0. 0.],49,5,0.1666666666666666,11.983333333333333,0.4834069859942236,11.983333333333333
264,0,no,200,[0. 0. 1.],49,5,1.05,25.566666666666663,0.359950144064096,25.566666666666663
265,1,no,200,[0.  0.1 0.9],49,5,1.0666666666666669,24.8,0.3514620374874961,24.8
266,2,no,200,[0.  0.2 0.8],49,5,1.0833333333333333,24.016666666666666,0.3520049469589771,24.016666666666666
267,3,no,200,[0.  0.3 0.7],49,5,1.1333333333333333,23.983333333333334,0.3709592567868218,23.983333333333334
268,4,no,200,[0.  0.4 0.6],49,5,1.1333333333333333,23.983333333333334,0.3709592567868218,23.983333333333334
269,5,no,200,[0.  0.5 0.5],49,5,1.1333333333333333,23.983333333333334,0.3692925901201552,23.983333333333334
270,6,no,200,[0.  0.6 0.4],49,5,1.0666666666666669,23.383333333333333,0.3907148123423774,23.383333333333333
271,7,no,200,[0.  0.7 0.3],49,5,1.1,22.733333333333334,0.3859404478302175,22.733333333333334
272,8,no,200,[0.  0.8 0.2],49,5,1.1,22.733333333333334,0.3859404478302175,22.733333333333334
273,9,no,200,[0.  0.9 0.1],49,5,1.1,23.916666666666668,0.3770896853029844,23.916666666666668
274,10,no,200,[0. 1. 0.],49,5,1.1,23.85,0.3634503198345749,23.85
275,11,no,200,[0.1 0.  0.9],49,5,1.05,25.566666666666663,0.359950144064096,25.566666666666663
276,12,no,200,[0.1 0.1 0.8],49,5,1.0666666666666669,24.8,0.3480606769432784,24.8
277,13,no,200,[0.1 0.2 0.7],49,5,1.1666666666666667,23.566666666666663,0.3661641350062373,23.566666666666663
278,14,no,200,[0.1 0.3 0.6],49,5,1.1333333333333333,23.983333333333334,0.3709592567868218,23.983333333333334
279,15,no,200,[0.1 0.4 0.5],49,5,1.1333333333333333,23.983333333333334,0.3709592567868218,23.983333333333334
280,16,no,200,[0.1 0.5 0.4],49,5,1.0666666666666669,23.383333333333333,0.3933814790090441,23.383333333333333
281,17,no,200,[0.1 0.6 0.3],49,5,1.1,22.966666666666665,0.3860221471766227,22.966666666666665
282,18,no,200,[0.1 0.7 0.2],49,5,1.1,22.966666666666665,0.3860221471766227,22.966666666666665
283,19,no,200,[0.1 0.8 0.1],49,5,1.1,23.916666666666668,0.3770896853029844,23.916666666666668
284,20,no,200,[0.1 0.9 0. ],49,5,1.1,23.85,0.3634503198345749,23.85
285,21,no,200,[0.2 0.  0.8],49,5,1.05,25.8,0.3592441255455775,25.8
286,22,no,200,[0.2 0.1 0.7],49,5,1.0666666666666669,24.8,0.3480606769432784,24.8
287,23,no,200,[0.2 0.2 0.6],49,5,1.1666666666666667,23.566666666666663,0.3661641350062373,23.566666666666663
288,24,no,200,[0.2 0.3 0.5],49,5,1.0666666666666669,23.383333333333333,0.392726306595251,23.383333333333333
289,25,no,200,[0.2 0.4 0.4],49,5,1.0666666666666669,23.383333333333333,0.3933814790090441,23.383333333333333
290,26,no,200,[0.2 0.5 0.3],49,5,1.0666666666666669,23.383333333333333,0.3923814790090441,23.383333333333333
291,27,no,200,[0.2 0.6 0.2],49,5,1.1,22.966666666666665,0.3737672452158384,22.966666666666665
292,28,no,200,[0.2 0.7 0.1],49,5,1.1,22.966666666666665,0.3655973105753155,22.966666666666665
293,29,no,200,[0.2 0.8 0. ],49,5,1.1,23.85,0.3634503198345749,23.85
294,30,no,200,[0.3 0.  0.7],49,5,1.05,25.8,0.3592441255455775,25.8
295,31,no,200,[0.3 0.1 0.6],49,5,1.0666666666666669,24.8,0.3485595431564304,24.8
296,32,no,200,[0.3 0.2 0.5],49,5,1.1,22.966666666666665,0.3882284051587428,22.966666666666665
297,33,no,200,[0.3 0.3 0.4],49,5,1.0666666666666669,23.383333333333333,0.392726306595251,23.383333333333333
298,34,no,200,[0.3 0.4 0.3],49,5,1.0666666666666669,23.383333333333333,0.3923814790090441,23.383333333333333
299,35,no,200,[0.3 0.5 0.2],49,5,1.1,22.966666666666665,0.375401232143943,22.966666666666665
300,36,no,200,[0.3 0.6 0.1],49,5,1.1,22.966666666666665,0.3655973105753155,22.966666666666665
301,37,no,200,[0.3 0.7 0. ],49,5,1.1,23.85,0.3634503198345749,23.85
302,38,no,200,[0.4 0.  0.6],49,5,0.9833333333333332,25.2,0.3826874125826146,25.2
303,39,no,200,[0.4 0.1 0.5],49,5,1.0,24.2,0.3715243957641401,24.2
304,40,no,200,[0.4 0.2 0.4],49,5,1.0666666666666669,23.383333333333333,0.392726306595251,23.383333333333333
305,41,no,200,[0.4 0.3 0.3],49,5,1.0666666666666669,23.383333333333333,0.3934596399285843,23.383333333333333
306,42,no,200,[0.4 0.4 0.2],49,5,1.1,22.966666666666665,0.3747589062480674,22.966666666666665
307,43,no,200,[0.4 0.5 0.1],49,5,1.1,22.966666666666665,0.375401232143943,22.966666666666665
308,44,no,200,[0.4 0.6 0. ],49,5,1.1,23.916666666666668,0.3626986858476467,23.916666666666668
309,45,no,200,[0.5 0.  0.5],49,5,0.9833333333333332,25.2,0.3826874125826146,25.2
310,46,no,200,[0.5 0.1 0.4],49,5,1.0,24.2,0.3715243957641401,24.2
311,47,no,200,[0.5 0.2 0.3],49,5,1.0666666666666669,23.383333333333333,0.3937263065952511,23.383333333333333
312,48,no,200,[0.5 0.3 0.2],49,5,1.0666666666666669,23.383333333333333,0.3809596399285844,23.383333333333333
313,49,no,200,[0.5 0.4 0.1],49,5,1.1,22.966666666666665,0.376120186392309,22.966666666666665
314,50,no,200,[0.5 0.5 0. ],49,5,1.1,23.916666666666668,0.3626986858476467,23.916666666666668
315,51,no,200,[0.6 0.  0.4],49,5,0.9833333333333332,25.2,0.3826874125826146,25.2
316,52,no,200,[0.6 0.1 0.3],49,5,1.05,23.616666666666667,0.3853623347539727,23.616666666666667
317,53,no,200,[0.6 0.2 0.2],49,5,1.0666666666666669,23.383333333333333,0.3768929732619178,23.383333333333333
318,54,no,200,[0.6 0.3 0.1],49,5,1.1,22.966666666666665,0.376120186392309,22.966666666666665
319,55,no,200,[0.6 0.4 0. ],49,5,1.1,22.966666666666665,0.3644416052376249,22.966666666666665
320,56,no,200,[0.7 0.  0.3],49,5,0.9833333333333332,25.2,0.3826874125826146,25.2
321,57,no,200,[0.7 0.1 0.2],49,5,1.0666666666666669,23.383333333333333,0.3903929732619177,23.383333333333333
322,58,no,200,[0.7 0.2 0.1],49,5,1.0666666666666669,23.383333333333333,0.3776263065952511,23.383333333333333
323,59,no,200,[0.7 0.3 0. ],49,5,1.1,22.966666666666665,0.3644416052376249,22.966666666666665
324,60,no,200,[0.8 0.  0.2],49,5,0.9833333333333332,25.2,0.3826874125826146,25.2
325,61,no,200,[0.8 0.1 0.1],49,5,1.0666666666666669,23.383333333333333,0.3768929732619178,23.383333333333333
326,62,no,200,[ 0.8  0.2 -0. ],49,5,1.1,22.966666666666665,0.3611736313814158,22.966666666666665
327,63,no,200,[0.9 0.  0.1],49,5,0.9833333333333332,25.2,0.3826874125826146,25.2
328,64,no,200,[ 0.9  0.1 -0. ],49,5,1.0666666666666669,23.166666666666668,0.3692109499870566,23.166666666666668
329,65,no,200,[1. 0. 0.],49,5,1.0,23.3,0.3897573900237641,23.3
330,0,yes,500,[0. 0. 1.],49,7,0.216666667,11.35,0.548305635,11.35
331,1,yes,500,[0.  0.1 0.9],49,7,0.216666667,11.35,0.537552947,11.35
332,2,yes,500,[0.  0.2 0.8],49,7,0.216666667,11.35,0.548519433,11.35
333,3,yes,500,[0.  0.3 0.7],49,7,0.216666667,11.35,0.537766744,11.35
334,4,yes,500,[0.  0.4 0.6],49,7,0.216666667,11.35,0.535078572,11.35
335,5,yes,500,[0.  0.5 0.5],49,7,0.216666667,11.35,0.533711313,11.35
336,6,yes,500,[0.  0.6 0.4],49,7,0.216666667,11.35,0.533711313,11.35
337,7,yes,500,[0.  0.7 0.3],49,7,0.216666667,11.38333333,0.515431743,11.38333333
338,8,yes,500,[0.  0.8 0.2],49,7,0.216666667,11.38333333,0.515431743,11.38333333
339,9,yes,500,[0.  0.9 0.1],49,7,0.216666667,11.38333333,0.515431743,11.38333333
340,10,yes,500,[0. 1. 0.],49,7,0.216666667,11.38333333,0.521025364,11.38333333
341,11,yes,500,[0.1 0.  0.9],49,7,0.216666667,11.35,0.550993807,11.35
342,12,yes,500,[0.1 0.1 0.8],49,7,0.216666667,11.35,0.548305635,11.35
343,13,yes,500,[0.1 0.2 0.7],49,7,0.216666667,11.35,0.548519433,11.35
344,14,yes,500,[0.1 0.3 0.6],49,7,0.216666667,11.35,0.537766744,11.35
345,15,yes,500,[0.1 0.4 0.5],49,7,0.216666667,11.35,0.533711313,11.35
346,16,yes,500,[0.1 0.5 0.4],49,7,0.216666667,11.35,0.533711313,11.35
347,17,yes,500,[0.1 0.6 0.3],49,7,0.216666667,11.38333333,0.534248947,11.38333333
348,18,yes,500,[0.1 0.7 0.2],49,7,0.216666667,11.38333333,0.515431743,11.38333333
349,19,yes,500,[0.1 0.8 0.1],49,7,0.216666667,11.38333333,0.515431743,11.38333333
350,20,yes,500,[0.1 0.9 0. ],49,7,0.216666667,11.38333333,0.512672829,11.38333333
351,21,yes,500,[0.2 0.  0.8],49,7,0.216666667,11.35,0.550993807,11.35
352,22,yes,500,[0.2 0.1 0.7],49,7,0.216666667,11.35,0.545571115,11.35
353,23,yes,500,[0.2 0.2 0.6],49,7,0.216666667,11.35,0.537766744,11.35
354,24,yes,500,[0.2 0.3 0.5],49,7,0.216666667,11.35,0.533711313,11.35
355,25,yes,500,[0.2 0.4 0.4],49,7,0.216666667,11.35,0.533711313,11.35
356,26,yes,500,[0.2 0.5 0.3],49,7,0.216666667,11.38333333,0.534248947,11.38333333
357,27,yes,500,[0.2 0.6 0.2],49,7,0.216666667,11.38333333,0.515431743,11.38333333
358,28,yes,500,[0.2 0.7 0.1],49,7,0.216666667,11.38333333,0.515431743,11.38333333
359,29,yes,500,[0.2 0.8 0. ],49,7,0.216666667,11.38333333,0.512672829,11.38333333
360,30,yes,500,[0.3 0.  0.7],49,7,0.216666667,11.35,0.550993807,11.35
361,31,yes,500,[0.3 0.1 0.6],49,7,0.216666667,11.35,0.548259287,11.35
362,32,yes,500,[0.3 0.2 0.5],49,7,0.216666667,11.35,0.540454917,11.35
363,33,yes,500,[0.3 0.3 0.4],49,7,0.216666667,11.35,0.533711313,11.35
364,34,yes,500,[0.3 0.4 0.3],49,7,0.216666667,11.38333333,0.534248947,11.38333333
365,35,yes,500,[0.3 0.5 0.2],49,7,0.216666667,11.38333333,0.523496259,11.38333333
366,36,yes,500,[0.3 0.6 0.1],49,7,0.216666667,11.38333333,0.515431743,11.38333333
367,37,yes,500,[0.3 0.7 0. ],49,7,0.216666667,11.38333333,0.514040089,11.38333333
368,38,yes,500,[0.4 0.  0.6],49,7,0.216666667,11.35,0.550993807,11.35
369,39,yes,500,[0.4 0.1 0.5],49,7,0.216666667,11.35,0.540194771,11.35
370,40,yes,500,[0.4 0.2 0.4],49,7,0.216666667,11.35,0.530762995,11.35
371,41,yes,500,[0.4 0.3 0.3],49,7,0.216666667,11.38333333,0.534248947,11.38333333
372,42,yes,500,[0.4 0.4 0.2],49,7,0.216666667,11.38333333,0.534248947,11.38333333
373,43,yes,500,[0.4 0.5 0.1],49,7,0.216666667,11.38333333,0.515431743,11.38333333
374,44,yes,500,[0.4 0.6 0. ],49,7,0.216666667,11.38333333,0.514040089,11.38333333
375,45,yes,500,[0.5 0.  0.5],49,7,0.216666667,11.35,0.548259287,11.35
376,46,yes,500,[0.5 0.1 0.4],49,7,0.216666667,11.35,0.538827511,11.35
377,47,yes,500,[0.5 0.2 0.3],49,7,0.216666667,11.35,0.530762995,11.35
378,48,yes,500,[0.5 0.3 0.2],49,7,0.216666667,11.38333333,0.534248947,11.38333333
379,49,yes,500,[0.5 0.4 0.1],49,7,0.216666667,11.38333333,0.520725149,11.38333333
380,50,yes,500,[0.5 0.5 0. ],49,7,0.216666667,11.38333333,0.514040089,11.38333333
381,51,yes,500,[0.6 0.  0.4],49,7,0.216666667,11.35,0.546892027,11.35
382,52,yes,500,[0.6 0.1 0.3],49,7,0.216666667,11.35,0.536139339,11.35
383,53,yes,500,[0.6 0.2 0.2],49,7,0.216666667,11.38333333,0.533988801,11.38333333
384,54,yes,500,[0.6 0.3 0.1],49,7,0.216666667,11.38333333,0.535545465,11.38333333
385,55,yes,500,[0.6 0.4 0. ],49,7,0.216666667,11.38333333,0.522104605,11.38333333
386,56,yes,500,[0.7 0.  0.3],49,7,0.216666667,11.38333333,0.539365145,11.38333333
387,57,yes,500,[0.7 0.1 0.2],49,7,0.216666667,11.38333333,0.538044233,11.38333333
388,58,yes,500,[0.7 0.2 0.1],49,7,0.216666667,11.38333333,0.532597148,11.38333333
389,59,yes,500,[0.7 0.3 0. ],49,7,0.216666667,11.38333333,0.527480949,11.38333333
390,60,yes,500,[0.8 0.  0.2],49,7,0.216666667,11.38333333,0.540732405,11.38333333
391,61,yes,500,[0.8 0.1 0.1],49,7,0.216666667,11.38333333,0.532597148,11.38333333
392,62,yes,500,[ 0.8  0.2 -0. ],49,7,0.216666667,11.38333333,0.532597148,11.38333333
393,63,yes,500,[0.9 0.  0.1],49,7,0.216666667,11.38333333,0.537973492,11.38333333
394,64,yes,500,[ 0.9  0.1 -0. ],49,7,0.216666667,11.38333333,0.529908976,11.38333333
395,65,yes,500,[1. 0. 0.],49,7,0.216666667,11.38333333,0.53528532,11.38333333
396,0,no,100,[0. 0. 1.],49,5,1.8833333333333333,38.03333333333333,0.2131827532044902,38.03333333333333
397,1,no,100,[0.  0.1 0.9],49,5,1.8833333333333333,38.266666666666666,0.2173313138279672,38.266666666666666
398,2,no,100,[0.  0.2 0.8],49,5,1.8666666666666667,38.43333333333333,0.218887713532515,38.43333333333333
399,3,no,100,[0.  0.3 0.7],49,5,1.8666666666666667,38.43333333333333,0.2188557735396375,38.43333333333333
400,4,no,100,[0.  0.4 0.6],49,5,1.8666666666666667,38.43333333333333,0.2185779957618598,38.43333333333333
401,5,no,100,[0.  0.5 0.5],49,5,1.8666666666666667,38.43333333333333,0.2185779957618598,38.43333333333333
402,6,no,100,[0.  0.6 0.4],49,5,1.8666666666666667,38.43333333333333,0.2185779957618598,38.43333333333333
403,7,no,100,[0.  0.7 0.3],49,5,1.8666666666666667,38.43333333333333,0.2244971562473706,38.43333333333333
404,8,no,100,[0.  0.8 0.2],49,5,1.8666666666666667,38.43333333333333,0.2234372147269027,38.43333333333333
405,9,no,100,[0.  0.9 0.1],49,5,1.8666666666666667,38.43333333333333,0.2234372147269027,38.43333333333333
406,10,no,100,[0. 1. 0.],49,5,1.8833333333333333,38.3,0.2283270555672424,38.3
407,11,no,100,[0.1 0.  0.9],49,5,1.8833333333333333,38.03333333333333,0.2131827532044902,38.03333333333333
408,12,no,100,[0.1 0.1 0.8],49,5,1.8833333333333333,38.266666666666666,0.2173313138279672,38.266666666666666
409,13,no,100,[0.1 0.2 0.7],49,5,1.8666666666666667,38.43333333333333,0.218887713532515,38.43333333333333
410,14,no,100,[0.1 0.3 0.6],49,5,1.8666666666666667,38.43333333333333,0.2188557735396375,38.43333333333333
411,15,no,100,[0.1 0.4 0.5],49,5,1.8666666666666667,38.43333333333333,0.2185779957618598,38.43333333333333
412,16,no,100,[0.1 0.5 0.4],49,5,1.8666666666666667,38.43333333333333,0.2185779957618598,38.43333333333333
413,17,no,100,[0.1 0.6 0.3],49,5,1.8666666666666667,38.43333333333333,0.2185779957618598,38.43333333333333
414,18,no,100,[0.1 0.7 0.2],49,5,1.8666666666666667,38.43333333333333,0.2241316591713472,38.43333333333333
415,19,no,100,[0.1 0.8 0.1],49,5,1.8666666666666667,38.43333333333333,0.2234372147269027,38.43333333333333
416,20,no,100,[0.1 0.9 0. ],49,5,1.8833333333333333,38.3,0.2283114727969722,38.3
417,21,no,100,[0.2 0.  0.8],49,5,1.8833333333333333,38.03333333333333,0.2131827532044902,38.03333333333333
418,22,no,100,[0.2 0.1 0.7],49,5,1.8833333333333333,38.266666666666666,0.2173313138279672,38.266666666666666
419,23,no,100,[0.2 0.2 0.6],49,5,1.8666666666666667,38.43333333333333,0.218887713532515,38.43333333333333
420,24,no,100,[0.2 0.3 0.5],49,5,1.8666666666666667,38.43333333333333,0.2185779957618598,38.43333333333333
421,25,no,100,[0.2 0.4 0.4],49,5,1.8666666666666667,38.43333333333333,0.2185779957618598,38.43333333333333
422,26,no,100,[0.2 0.5 0.3],49,5,1.8666666666666667,38.43333333333333,0.2185779957618598,38.43333333333333
423,27,no,100,[0.2 0.6 0.2],49,5,1.8666666666666667,38.43333333333333,0.2241316591713472,38.43333333333333
424,28,no,100,[0.2 0.7 0.1],49,5,1.8666666666666667,38.43333333333333,0.2241316591713472,38.43333333333333
425,29,no,100,[0.2 0.8 0. ],49,5,1.8833333333333333,38.3,0.2283114727969722,38.3
426,30,no,100,[0.3 0.  0.7],49,5,1.8833333333333333,38.03333333333333,0.2131827532044902,38.03333333333333
427,31,no,100,[0.3 0.1 0.6],49,5,1.8833333333333333,38.266666666666666,0.2173313138279672,38.266666666666666
428,32,no,100,[0.3 0.2 0.5],49,5,1.8666666666666667,38.43333333333333,0.218887713532515,38.43333333333333
429,33,no,100,[0.3 0.3 0.4],49,5,1.8666666666666667,38.43333333333333,0.2185779957618598,38.43333333333333
430,34,no,100,[0.3 0.4 0.3],49,5,1.8666666666666667,38.43333333333333,0.2185779957618598,38.43333333333333
431,35,no,100,[0.3 0.5 0.2],49,5,1.8666666666666667,38.43333333333333,0.2244971562473706,38.43333333333333
432,36,no,100,[0.3 0.6 0.1],49,5,1.8666666666666667,38.43333333333333,0.2241164864739788,38.43333333333333
433,37,no,100,[0.3 0.7 0. ],49,5,1.8833333333333333,38.3,0.2283114727969722,38.3
434,38,no,100,[0.4 0.  0.6],49,5,1.8833333333333333,38.03333333333333,0.2131827532044902,38.03333333333333
435,39,no,100,[0.4 0.1 0.5],49,5,1.8833333333333333,38.266666666666666,0.2173313138279672,38.266666666666666
436,40,no,100,[0.4 0.2 0.4],49,5,1.8666666666666667,38.43333333333333,0.218887713532515,38.43333333333333
437,41,no,100,[0.4 0.3 0.3],49,5,1.8666666666666667,38.43333333333333,0.2185779957618598,38.43333333333333
438,42,no,100,[0.4 0.4 0.2],49,5,1.8666666666666667,38.43333333333333,0.2185779957618598,38.43333333333333
439,43,no,100,[0.4 0.5 0.1],49,5,1.8666666666666667,38.43333333333333,0.2241164864739788,38.43333333333333
440,44,no,100,[0.4 0.6 0. ],49,5,1.8833333333333333,38.3,0.2283114727969722,38.3
441,45,no,100,[0.5 0.  0.5],49,5,1.8833333333333333,38.03333333333333,0.2131827532044902,38.03333333333333
442,46,no,100,[0.5 0.1 0.4],49,5,1.8666666666666667,38.43333333333333,0.218887713532515,38.43333333333333
443,47,no,100,[0.5 0.2 0.3],49,5,1.8666666666666667,38.43333333333333,0.2186099357547373,38.43333333333333
444,48,no,100,[0.5 0.3 0.2],49,5,1.8666666666666667,38.43333333333333,0.2185632121080137,38.43333333333333
445,49,no,100,[0.5 0.4 0.1],49,5,1.8666666666666667,38.43333333333333,0.2241164864739788,38.43333333333333
446,50,no,100,[0.5 0.5 0. ],49,5,1.8833333333333333,38.3,0.2283114727969722,38.3
447,51,no,100,[0.6 0.  0.4],49,5,1.8833333333333333,38.03333333333333,0.2131827532044902,38.03333333333333
448,52,no,100,[0.6 0.1 0.3],49,5,1.8666666666666667,38.43333333333333,0.2188557735396375,38.43333333333333
449,53,no,100,[0.6 0.2 0.2],49,5,1.8666666666666667,38.43333333333333,0.2185779957618598,38.43333333333333
450,54,no,100,[0.6 0.3 0.1],49,5,1.8666666666666667,38.43333333333333,0.2241164864739788,38.43333333333333
451,55,no,100,[0.6 0.4 0. ],49,5,1.8666666666666667,38.43333333333333,0.2241164864739788,38.43333333333333
452,56,no,100,[0.7 0.  0.3],49,5,1.8833333333333333,38.03333333333333,0.2131516117114347,38.03333333333333
453,57,no,100,[0.7 0.1 0.2],49,5,1.8666666666666667,38.43333333333333,0.2188557735396375,38.43333333333333
454,58,no,100,[0.7 0.2 0.1],49,5,1.8666666666666667,38.43333333333333,0.2182218704057344,38.43333333333333
455,59,no,100,[0.7 0.3 0. ],49,5,1.8666666666666667,38.43333333333333,0.2241164864739788,38.43333333333333
456,60,no,100,[0.8 0.  0.2],49,5,1.8833333333333333,38.03333333333333,0.2131516117114347,38.03333333333333
457,61,no,100,[0.8 0.1 0.1],49,5,1.8666666666666667,38.43333333333333,0.2185779957618598,38.43333333333333
458,62,no,100,[ 0.8  0.2 -0. ],49,5,1.8666666666666667,38.43333333333333,0.2241316591713472,38.43333333333333
459,63,no,100,[0.9 0.  0.1],49,5,1.8833333333333333,38.03333333333333,0.2131516117114347,38.03333333333333
460,64,no,100,[ 0.9  0.1 -0. ],49,5,1.8666666666666667,38.43333333333333,0.2241316591713472,38.43333333333333
461,65,no,100,[1. 0. 0.],49,5,1.8833333333333333,38.03333333333333,0.2086377228225457,38.03333333333333
462,0,yes,300,[0. 0. 1.],49,7,0.466666667,17.98333333,0.45325469,17.98333333
463,1,yes,300,[0.  0.1 0.9],49,7,0.466666667,17.98333333,0.446070782,17.98333333
464,2,yes,300,[0.  0.2 0.8],49,7,0.466666667,17.98333333,0.446046132,17.98333333
465,3,yes,300,[0.  0.3 0.7],49,7,0.466666667,17.98333333,0.457540384,17.98333333
466,4,yes,300,[0.  0.4 0.6],49,7,0.466666667,17.98333333,0.454671028,17.98333333
467,5,yes,300,[0.  0.5 0.5],49,7,0.466666667,17.98333333,0.433718668,17.98333333
468,6,yes,300,[0.  0.6 0.4],49,7,0.466666667,17.98333333,0.433534465,17.98333333
469,7,yes,300,[0.  0.7 0.3],49,7,0.466666667,17.98333333,0.431537834,17.98333333
470,8,yes,300,[0.  0.8 0.2],49,7,0.416666667,19.3,0.411836127,19.3
471,9,yes,300,[0.  0.9 0.1],49,7,0.416666667,19.05,0.420001653,19.05
472,10,yes,300,[0. 1. 0.],49,7,0.466666667,18.93333333,0.412364002,18.93333333
473,11,yes,300,[0.1 0.  0.9],49,7,0.466666667,17.98333333,0.45325469,17.98333333
474,12,yes,300,[0.1 0.1 0.8],49,7,0.466666667,17.98333333,0.448944345,17.98333333
475,13,yes,300,[0.1 0.2 0.7],49,7,0.466666667,17.98333333,0.448919695,17.98333333
476,14,yes,300,[0.1 0.3 0.6],49,7,0.466666667,17.98333333,0.457540384,17.98333333
477,15,yes,300,[0.1 0.4 0.5],49,7,0.466666667,17.98333333,0.44518827,17.98333333
478,16,yes,300,[0.1 0.5 0.4],49,7,0.466666667,17.98333333,0.433718668,17.98333333
479,17,yes,300,[0.1 0.6 0.3],49,7,0.466666667,17.98333333,0.433534465,17.98333333
480,18,yes,300,[0.1 0.7 0.2],49,7,0.416666667,19.3,0.411836127,19.3
481,19,yes,300,[0.1 0.8 0.1],49,7,0.466666667,18.85,0.41369015,18.85
482,20,yes,300,[0.1 0.9 0. ],49,7,0.466666667,18.93333333,0.414549794,18.93333333
483,21,yes,300,[0.2 0.  0.8],49,7,0.466666667,17.73333333,0.447682677,17.73333333
484,22,yes,300,[0.2 0.1 0.7],49,7,0.466666667,17.73333333,0.447668673,17.73333333
485,23,yes,300,[0.2 0.2 0.6],49,7,0.466666667,17.73333333,0.443407152,17.73333333
486,24,yes,300,[0.2 0.3 0.5],49,7,0.466666667,17.98333333,0.457540384,17.98333333
487,25,yes,300,[0.2 0.4 0.4],49,7,0.466666667,17.98333333,0.435155449,17.98333333
488,26,yes,300,[0.2 0.5 0.3],49,7,0.466666667,17.98333333,0.433534465,17.98333333
489,27,yes,300,[0.2 0.6 0.2],49,7,0.466666667,19.1,0.405231451,19.1
490,28,yes,300,[0.2 0.7 0.1],49,7,0.466666667,18.9,0.405487863,18.9
491,29,yes,300,[0.2 0.8 0. ],49,7,0.466666667,18.93333333,0.414549794,18.93333333
492,30,yes,300,[0.3 0.  0.7],49,7,0.466666667,17.73333333,0.447682677,17.73333333
493,31,yes,300,[0.3 0.1 0.6],49,7,0.466666667,17.73333333,0.447682677,17.73333333
494,32,yes,300,[0.3 0.2 0.5],49,7,0.466666667,17.73333333,0.443421156,17.73333333
495,33,yes,300,[0.3 0.3 0.4],49,7,0.466666667,17.78333333,0.440579735,17.78333333
496,34,yes,300,[0.3 0.4 0.3],49,7,0.516666667,17.61666667,0.422126309,17.61666667
497,35,yes,300,[0.3 0.5 0.2],49,7,0.466666667,19.15,0.413540263,19.15
498,36,yes,300,[0.3 0.6 0.1],49,7,0.466666667,18.9,0.405487863,18.9
499,37,yes,300,[0.3 0.7 0. ],49,7,0.466666667,18.9,0.407400432,18.9
500,38,yes,300,[0.4 0.  0.6],49,7,0.466666667,17.78333333,0.44768012,17.78333333
501,39,yes,300,[0.4 0.1 0.5],49,7,0.466666667,17.78333333,0.44768012,17.78333333
502,40,yes,300,[0.4 0.2 0.4],49,7,0.516666667,17.61666667,0.435449585,17.61666667
503,41,yes,300,[0.4 0.3 0.3],49,7,0.516666667,17.61666667,0.430473414,17.61666667
504,42,yes,300,[0.4 0.4 0.2],49,7,0.466666667,19.15,0.414276374,19.15
505,43,yes,300,[0.4 0.5 0.1],49,7,0.466666667,19.15,0.412782688,19.15
506,44,yes,300,[0.4 0.6 0. ],49,7,0.466666667,18.9,0.407400432,18.9
507,45,yes,300,[0.5 0.  0.5],49,7,0.516666667,17.58333333,0.440566006,17.58333333
508,46,yes,300,[0.5 0.1 0.4],49,7,0.516666667,17.58333333,0.439801437,17.58333333
509,47,yes,300,[0.5 0.2 0.3],49,7,0.516666667,17.58333333,0.431468103,17.58333333
510,48,yes,300,[0.5 0.3 0.2],49,7,0.5,18.83333333,0.421373384,18.83333333
511,49,yes,300,[0.5 0.4 0.1],49,7,0.466666667,19.15,0.415463243,19.15
512,50,yes,300,[0.5 0.5 0. ],49,7,0.466666667,18.9,0.407036133,18.9
513,51,yes,300,[0.6 0.  0.4],49,7,0.516666667,17.58333333,0.440566006,17.58333333
514,52,yes,300,[0.6 0.1 0.3],49,7,0.516666667,17.83333333,0.453611631,17.83333333
515,53,yes,300,[0.6 0.2 0.2],49,7,0.5,18.8,0.429518307,18.8
516,54,yes,300,[0.6 0.3 0.1],49,7,0.466666667,19.15,0.404352132,19.15
517,55,yes,300,[0.6 0.4 0. ],49,7,0.466666667,19.15,0.414259539,19.15
518,56,yes,300,[0.7 0.  0.3],49,7,0.516666667,17.83333333,0.454389159,17.83333333
519,57,yes,300,[0.7 0.1 0.2],49,7,0.5,18.8,0.443053396,18.8
520,58,yes,300,[0.7 0.2 0.1],49,7,0.5,18.8,0.423051179,18.8
521,59,yes,300,[0.7 0.3 0. ],49,7,0.466666667,19.15,0.403148428,19.15
522,60,yes,300,[0.8 0.  0.2],49,7,0.5,18.8,0.443830924,18.8
523,61,yes,300,[0.8 0.1 0.1],49,7,0.5,18.8,0.430136087,18.8
524,62,yes,300,[ 0.8  0.2 -0. ],49,7,0.5,18.8,0.42163875,18.8
525,63,yes,300,[0.9 0.  0.1],49,7,0.5,18.8,0.444472938,18.8
526,64,yes,300,[ 0.9  0.1 -0. ],49,7,0.5,18.8,0.431572749,18.8
527,65,yes,300,[1. 0. 0.],49,7,0.5,18.8,0.423857354,18.8
528,0,no,600,[0. 0. 1.],49,5,0.1,9.4,0.5661606456746613,9.4
529,1,no,600,[0.  0.1 0.9],49,5,0.1,9.4,0.5555786350926508,9.4
530,2,no,600,[0.  0.2 0.8],49,5,0.1,9.4,0.5608102861576351,9.4
531,3,no,600,[0.  0.3 0.7],49,5,0.1,9.4,0.5581647835121324,9.4
532,4,no,600,[0.  0.4 0.6],49,5,0.1,9.4,0.5553723084974352,9.4
533,5,no,600,[0.  0.5 0.5],49,5,0.1,9.4,0.5553723084974352,9.4
534,6,no,600,[0.  0.6 0.4],49,5,0.1,9.4,0.5379497839320534,9.4
535,7,no,600,[0.  0.7 0.3],49,5,0.1,9.4,0.5366270326093021,9.4
536,8,no,600,[0.  0.8 0.2],49,5,0.1,9.366666666666667,0.5510450220272914,9.366666666666667
537,9,no,600,[0.  0.9 0.1],49,5,0.1,9.383333333333333,0.5497222707045403,9.383333333333333
538,10,no,600,[0. 1. 0.],49,5,0.1,9.383333333333333,0.5407608898077418,9.383333333333333
539,11,no,600,[0.1 0.  0.9],49,5,0.1,9.4,0.5740971536111692,9.4
540,12,no,600,[0.1 0.1 0.8],49,5,0.1,9.4,0.5608102861576351,9.4
541,13,no,600,[0.1 0.2 0.7],49,5,0.1,9.4,0.5581647835121324,9.4
542,14,no,600,[0.1 0.3 0.6],49,5,0.1,9.4,0.5555192808666299,9.4
543,15,no,600,[0.1 0.4 0.5],49,5,0.1,9.4,0.5553723084974352,9.4
544,16,no,600,[0.1 0.5 0.4],49,5,0.1,9.4,0.5472090431913128,9.4
545,17,no,600,[0.1 0.6 0.3],49,5,0.1,9.4,0.5458862918685613,9.4
546,18,no,600,[0.1 0.7 0.2],49,5,0.1,9.4,0.54456354054581,9.4
547,19,no,600,[0.1 0.8 0.1],49,5,0.1,9.366666666666667,0.543637614619884,9.366666666666667
548,20,no,600,[0.1 0.9 0. ],49,5,0.1,9.383333333333333,0.5370238580061274,9.383333333333333
549,21,no,600,[0.2 0.  0.8],49,5,0.1,9.4,0.5740971536111692,9.4
550,22,no,600,[0.2 0.1 0.7],49,5,0.1,9.4,0.5687467940941431,9.4
551,23,no,600,[0.2 0.2 0.6],49,5,0.1,9.4,0.5581647835121324,9.4
552,24,no,600,[0.2 0.3 0.5],49,5,0.1,9.4,0.5555192808666299,9.4
553,25,no,600,[0.2 0.4 0.4],49,5,0.1,9.4,0.5472090431913128,9.4
554,26,no,600,[0.2 0.5 0.3],49,5,0.1,9.4,0.5538227998050694,9.4
555,27,no,600,[0.2 0.6 0.2],49,5,0.1,9.4,0.5472090431913126,9.4
556,28,no,600,[0.2 0.7 0.1],49,5,0.1,9.366666666666667,0.5370238580061276,9.366666666666667
557,29,no,600,[0.2 0.8 0. ],49,5,0.1,9.383333333333333,0.5370238580061274,9.383333333333333
558,30,no,600,[0.3 0.  0.7],49,5,0.1,9.4,0.5661606456746613,9.4
559,31,no,600,[0.3 0.1 0.6],49,5,0.1,9.4,0.5687467940941431,9.4
560,32,no,600,[0.3 0.2 0.5],49,5,0.1,9.4,0.5552925234970153,9.4
561,33,no,600,[0.3 0.3 0.4],49,5,0.1,9.4,0.5419180379003073,9.4
562,34,no,600,[0.3 0.4 0.3],49,5,0.1,9.4,0.5472090431913126,9.4
563,35,no,600,[0.3 0.5 0.2],49,5,0.1,9.4,0.5419180379003073,9.4
564,36,no,600,[0.3 0.6 0.1],49,5,0.1,9.366666666666667,0.5462831172653868,9.366666666666667
565,37,no,600,[0.3 0.7 0. ],49,5,0.1,9.383333333333333,0.5378175087997783,9.383333333333333
566,38,no,600,[0.4 0.  0.6],49,5,0.1,9.4,0.5661606456746613,9.4
567,39,no,600,[0.4 0.1 0.5],49,5,0.1,9.4,0.5513242695287613,9.4
568,40,no,600,[0.4 0.2 0.4],49,5,0.1,9.4,0.5486787668832586,9.4
569,41,no,600,[0.4 0.3 0.3],49,5,0.1,9.4,0.5419180379003073,9.4
570,42,no,600,[0.4 0.4 0.2],49,5,0.1,9.4,0.5405952865775561,9.4
571,43,no,600,[0.4 0.5 0.1],49,5,0.1,9.4,0.539801635783905,9.4
572,44,no,600,[0.4 0.6 0. ],49,5,0.1,9.366666666666667,0.5417857627680323,9.366666666666667
573,45,no,600,[0.5 0.  0.5],49,5,0.1,9.4,0.5500608724320307,9.4
574,46,no,600,[0.5 0.1 0.4],49,5,0.1,9.4,0.5447105129150046,9.4
575,47,no,600,[0.5 0.2 0.3],49,5,0.1,9.4,0.5407422589467507,9.4
576,48,no,600,[0.5 0.3 0.2],49,5,0.1,9.4,0.5392725352548046,9.4
577,49,no,600,[0.5 0.4 0.1],49,5,0.1,9.4,0.5392725352548046,9.4
578,50,no,600,[0.5 0.5 0. ],49,5,0.1,9.366666666666667,0.5444312654135348,9.366666666666667
579,51,no,600,[0.6 0.  0.4],49,5,0.1,9.4,0.5421243644955228,9.4
580,52,no,600,[0.6 0.1 0.3],49,5,0.1,9.4,0.538096756301248,9.4
581,53,no,600,[0.6 0.2 0.2],49,5,0.1,9.4,0.5371561331384026,9.4
582,54,no,600,[0.6 0.3 0.1],49,5,0.1,9.4,0.5392725352548046,9.4
583,55,no,600,[0.6 0.4 0. ],49,5,0.1,9.4,0.5352561812384506,9.4
584,56,no,600,[0.7 0.  0.3],49,5,0.1,9.4,0.5394195076239992,9.4
585,57,no,600,[0.7 0.1 0.2],49,5,0.1,9.4,0.5373031055075972,9.4
586,58,no,600,[0.7 0.2 0.1],49,5,0.1,9.4,0.5371561331384026,9.4
587,59,no,600,[0.7 0.3 0. ],49,5,0.1,9.4,0.5365789325612021,9.4
588,60,no,600,[0.8 0.  0.2],49,5,0.1,9.4,0.5337978145023062,9.4
589,61,no,600,[0.8 0.1 0.1],49,5,0.1,9.4,0.5346095028139944,9.4
590,62,no,600,[ 0.8  0.2 -0. ],49,5,0.1,9.4,0.5344625304447999,9.4
591,63,no,600,[0.9 0.  0.1],49,5,0.1,9.4,0.5297814604859522,9.4
592,64,no,600,[ 0.9  0.1 -0. ],49,5,0.1,9.4,0.5296344881167576,9.4
593,65,no,600,[1. 0. 0.],49,5,0.1,9.4,0.5297814604859522,9.4
594,0,yes,400,[0. 0. 1.],49,7,0.266666667,14.11666667,0.478303623,14.11666667
595,1,yes,400,[0.  0.1 0.9],49,7,0.266666667,14.11666667,0.46997029,14.11666667
596,2,yes,400,[0.  0.2 0.8],49,7,0.266666667,14.11666667,0.469136956,14.11666667
597,3,yes,400,[0.  0.3 0.7],49,7,0.266666667,13.91666667,0.468571791,13.91666667
598,4,yes,400,[0.  0.4 0.6],49,7,0.266666667,13.9,0.457086693,13.9
599,5,yes,400,[0.  0.5 0.5],49,7,0.266666667,13.9,0.458452813,13.9
600,6,yes,400,[0.  0.6 0.4],49,7,0.266666667,13.9,0.457039585,13.9
601,7,yes,400,[0.  0.7 0.3],49,7,0.266666667,13.9,0.457039585,13.9
602,8,yes,400,[0.  0.8 0.2],49,7,0.266666667,13.9,0.448842864,13.9
603,9,yes,400,[0.  0.9 0.1],49,7,0.266666667,13.65,0.449936796,13.65
604,10,yes,400,[0. 1. 0.],49,7,0.3,13.98333333,0.449880303,13.98333333
605,11,yes,400,[0.1 0.  0.9],49,7,0.266666667,14.11666667,0.478303623,14.11666667
606,12,yes,400,[0.1 0.1 0.8],49,7,0.266666667,14.11666667,0.478303623,14.11666667
607,13,yes,400,[0.1 0.2 0.7],49,7,0.266666667,14.11666667,0.476081401,14.11666667
608,14,yes,400,[0.1 0.3 0.6],49,7,0.266666667,13.91666667,0.465794014,13.91666667
609,15,yes,400,[0.1 0.4 0.5],49,7,0.266666667,13.9,0.458452813,13.9
610,16,yes,400,[0.1 0.5 0.4],49,7,0.266666667,13.9,0.459818933,13.9
611,17,yes,400,[0.1 0.6 0.3],49,7,0.266666667,13.9,0.457039585,13.9
612,18,yes,400,[0.1 0.7 0.2],49,7,0.266666667,13.9,0.448842864,13.9
613,19,yes,400,[0.1 0.8 0.1],49,7,0.3,13.98333333,0.449896638,13.98333333
614,20,yes,400,[0.1 0.9 0. ],49,7,0.3,13.98333333,0.448517181,13.98333333
615,21,yes,400,[0.2 0.  0.8],49,7,0.266666667,13.86666667,0.472463316,13.86666667
616,22,yes,400,[0.2 0.1 0.7],49,7,0.266666667,13.86666667,0.472463316,13.86666667
617,23,yes,400,[0.2 0.2 0.6],49,7,0.266666667,13.66666667,0.471916868,13.66666667
618,24,yes,400,[0.2 0.3 0.5],49,7,0.266666667,13.91666667,0.466627347,13.91666667
619,25,yes,400,[0.2 0.4 0.4],49,7,0.266666667,13.91666667,0.466576143,13.91666667
620,26,yes,400,[0.2 0.5 0.3],49,7,0.266666667,13.9,0.459818933,13.9
621,27,yes,400,[0.2 0.6 0.2],49,7,0.266666667,13.9,0.457039585,13.9
622,28,yes,400,[0.2 0.7 0.1],49,7,0.3,13.98333333,0.449896638,13.98333333
623,29,yes,400,[0.2 0.8 0. ],49,7,0.3,13.98333333,0.44849709,13.98333333
624,30,yes,400,[0.3 0.  0.7],49,7,0.3,14.2,0.472445176,14.2
625,31,yes,400,[0.3 0.1 0.6],49,7,0.3,14.2,0.472445176,14.2
626,32,yes,400,[0.3 0.2 0.5],49,7,0.3,14.0,0.461779986,14.0
627,33,yes,400,[0.3 0.3 0.4],49,7,0.3,14.0,0.461678371,14.0
628,34,yes,400,[0.3 0.4 0.3],49,7,0.3,14.25,0.47563989,14.25
629,35,yes,400,[0.3 0.5 0.2],49,7,0.3,14.23333333,0.465169722,14.23333333
630,36,yes,400,[0.3 0.6 0.1],49,7,0.3,13.98333333,0.449876546,13.98333333
631,37,yes,400,[0.3 0.7 0. ],49,7,0.3,13.98333333,0.44849709,13.98333333
632,38,yes,400,[0.4 0.  0.6],49,7,0.3,14.2,0.473811296,14.2
633,39,yes,400,[0.4 0.1 0.5],49,7,0.3,14.2,0.473811296,14.2
634,40,yes,400,[0.4 0.2 0.4],49,7,0.3,14.0,0.461779986,14.0
635,41,yes,400,[0.4 0.3 0.3],49,7,0.3,14.25,0.475658236,14.25
636,42,yes,400,[0.4 0.4 0.2],49,7,0.3,14.25,0.475623011,14.25
637,43,yes,400,[0.4 0.5 0.1],49,7,0.3,14.23333333,0.465149301,14.23333333
638,44,yes,400,[0.4 0.6 0. ],49,7,0.3,13.98333333,0.44849709,13.98333333
639,45,yes,400,[0.5 0.  0.5],49,7,0.3,14.2,0.473811296,14.2
640,46,yes,400,[0.5 0.1 0.4],49,7,0.3,14.0,0.472708948,14.0
641,47,yes,400,[0.5 0.2 0.3],49,7,0.3,14.25,0.478504097,14.25
642,48,yes,400,[0.5 0.3 0.2],49,7,0.3,14.25,0.475658236,14.25
643,49,yes,400,[0.5 0.4 0.1],49,7,0.3,14.25,0.475623011,14.25
644,50,yes,400,[0.5 0.5 0. ],49,7,0.3,13.98333333,0.44849709,13.98333333
645,51,yes,400,[0.6 0.  0.4],49,7,0.3,14.2,0.473811296,14.2
646,52,yes,400,[0.6 0.1 0.3],49,7,0.3,14.25,0.48683743,14.25
647,53,yes,400,[0.6 0.2 0.2],49,7,0.3,14.25,0.477115208,14.25
648,54,yes,400,[0.6 0.3 0.1],49,7,0.3,14.25,0.475658236,14.25
649,55,yes,400,[0.6 0.4 0. ],49,7,0.3,14.25,0.471386693,14.25
650,56,yes,400,[0.7 0.  0.3],49,7,0.3,14.45,0.485170764,14.45
651,57,yes,400,[0.7 0.1 0.2],49,7,0.3,14.25,0.478504097,14.25
652,58,yes,400,[0.7 0.2 0.1],49,7,0.3,14.25,0.474232798,14.25
653,59,yes,400,[0.7 0.3 0. ],49,7,0.3,14.25,0.474212364,14.25
654,60,yes,400,[0.8 0.  0.2],49,7,0.3,14.25,0.478504097,14.25
655,61,yes,400,[0.8 0.1 0.1],49,7,0.3,14.25,0.47568977,14.25
656,62,yes,400,[ 0.8  0.2 -0. ],49,7,0.3,14.25,0.474212364,14.25
657,63,yes,400,[0.9 0.  0.1],49,7,0.3,14.25,0.482634214,14.25
658,64,yes,400,[ 0.9  0.1 -0. ],49,7,0.3,14.25,0.467336002,14.25
659,65,yes,400,[1. 0. 0.],49,7,0.3,14.25,0.463105035,14.25
660,0,yes,200,[0. 0. 1.],49,7,1.1,25.8,0.332455276,25.8
661,1,yes,200,[0.  0.1 0.9],49,7,1.116666667,24.88333333,0.326443146,24.88333333
662,2,yes,200,[0.  0.2 0.8],49,7,1.133333333,24.1,0.326941981,24.1
663,3,yes,200,[0.  0.3 0.7],49,7,1.166666667,24.76666667,0.353709884,24.76666667
664,4,yes,200,[0.  0.4 0.6],49,7,1.166666667,24.76666667,0.353281067,24.76666667
665,5,yes,200,[0.  0.5 0.5],49,7,1.166666667,24.76666667,0.35170874,24.76666667
666,6,yes,200,[0.  0.6 0.4],49,7,1.166666667,24.76666667,0.351079809,24.76666667
667,7,yes,200,[0.  0.7 0.3],49,7,1.25,24.28333333,0.346985004,24.28333333
668,8,yes,200,[0.  0.8 0.2],49,7,1.25,24.28333333,0.346985004,24.28333333
669,9,yes,200,[0.  0.9 0.1],49,7,1.25,24.9,0.337262782,24.9
670,10,yes,200,[0. 1. 0.],49,7,1.216666667,24.63333333,0.305502617,24.63333333
671,11,yes,200,[0.1 0.  0.9],49,7,1.116666667,25.58333333,0.324188412,25.58333333
672,12,yes,200,[0.1 0.1 0.8],49,7,1.116666667,24.88333333,0.324666762,24.88333333
673,13,yes,200,[0.1 0.2 0.7],49,7,1.25,24.28333333,0.34984856,24.28333333
674,14,yes,200,[0.1 0.3 0.6],49,7,1.166666667,24.76666667,0.353281067,24.76666667
675,15,yes,200,[0.1 0.4 0.5],49,7,1.166666667,24.76666667,0.353281067,24.76666667
676,16,yes,200,[0.1 0.5 0.4],49,7,1.166666667,24.76666667,0.35170874,24.76666667
677,17,yes,200,[0.1 0.6 0.3],49,7,1.25,24.28333333,0.346985004,24.28333333
678,18,yes,200,[0.1 0.7 0.2],49,7,1.25,24.28333333,0.346985004,24.28333333
679,19,yes,200,[0.1 0.8 0.1],49,7,1.25,24.9,0.344978831,24.9
680,20,yes,200,[0.1 0.9 0. ],49,7,1.25,24.9,0.336167838,24.9
681,21,yes,200,[0.2 0.  0.8],49,7,1.116666667,25.41666667,0.326452432,25.41666667
682,22,yes,200,[0.2 0.1 0.7],49,7,1.116666667,24.88333333,0.324666762,24.88333333
683,23,yes,200,[0.2 0.2 0.6],49,7,1.25,24.28333333,0.34984856,24.28333333
684,24,yes,200,[0.2 0.3 0.5],49,7,1.166666667,24.76666667,0.353281067,24.76666667
685,25,yes,200,[0.2 0.4 0.4],49,7,1.166666667,24.76666667,0.353281067,24.76666667
686,26,yes,200,[0.2 0.5 0.3],49,7,1.25,24.28333333,0.346985004,24.28333333
687,27,yes,200,[0.2 0.6 0.2],49,7,1.25,24.28333333,0.346985004,24.28333333
688,28,yes,200,[0.2 0.7 0.1],49,7,1.25,24.9,0.344978831,24.9
689,29,yes,200,[0.2 0.8 0. ],49,7,1.25,24.9,0.336465457,24.9
690,30,yes,200,[0.3 0.  0.7],49,7,1.116666667,25.41666667,0.326452432,25.41666667
691,31,yes,200,[0.3 0.1 0.6],49,7,1.116666667,24.88333333,0.324666762,24.88333333
692,32,yes,200,[0.3 0.2 0.5],49,7,1.25,24.28333333,0.34984856,24.28333333
693,33,yes,200,[0.3 0.3 0.4],49,7,1.166666667,24.76666667,0.353281067,24.76666667
694,34,yes,200,[0.3 0.4 0.3],49,7,1.166666667,24.76666667,0.35170874,24.76666667
695,35,yes,200,[0.3 0.5 0.2],49,7,1.25,24.28333333,0.346985004,24.28333333
696,36,yes,200,[0.3 0.6 0.1],49,7,1.25,24.81666667,0.346084798,24.81666667
697,37,yes,200,[0.3 0.7 0. ],49,7,1.25,24.81666667,0.345287473,24.81666667
698,38,yes,200,[0.4 0.  0.6],49,7,1.116666667,25.41666667,0.326452432,25.41666667
699,39,yes,200,[0.4 0.1 0.5],49,7,1.116666667,24.88333333,0.325575853,24.88333333
700,40,yes,200,[0.4 0.2 0.4],49,7,1.166666667,24.76666667,0.353709884,24.76666667
701,41,yes,200,[0.4 0.3 0.3],49,7,1.166666667,24.76666667,0.353281067,24.76666667
702,42,yes,200,[0.4 0.4 0.2],49,7,1.25,24.2,0.348090971,24.2
703,43,yes,200,[0.4 0.5 0.1],49,7,1.25,24.81666667,0.345287473,24.81666667
704,44,yes,200,[0.4 0.6 0. ],49,7,1.25,24.81666667,0.345287473,24.81666667
705,45,yes,200,[0.5 0.  0.5],49,7,1.116666667,25.41666667,0.327361523,25.41666667
706,46,yes,200,[0.5 0.1 0.4],49,7,1.116666667,24.8,0.326737469,24.8
707,47,yes,200,[0.5 0.2 0.3],49,7,1.166666667,24.68333333,0.354407902,24.68333333
708,48,yes,200,[0.5 0.3 0.2],49,7,1.25,24.2,0.348090971,24.2
709,49,yes,200,[0.5 0.4 0.1],49,7,1.25,24.81666667,0.345287473,24.81666667
710,50,yes,200,[0.5 0.5 0. ],49,7,1.25,24.81666667,0.345287473,24.81666667
711,51,yes,200,[0.6 0.  0.4],49,7,1.116666667,25.33333333,0.328523139,25.33333333
712,52,yes,200,[0.6 0.1 0.3],49,7,1.25,24.2,0.351031688,24.2
713,53,yes,200,[0.6 0.2 0.2],49,7,1.166666667,24.68333333,0.355980229,24.68333333
714,54,yes,200,[0.6 0.3 0.1],49,7,1.25,24.81666667,0.345287473,24.81666667
715,55,yes,200,[0.6 0.4 0. ],49,7,1.25,24.81666667,0.345287473,24.81666667
716,56,yes,200,[0.7 0.  0.3],49,7,1.133333333,24.33333333,0.322448321,24.33333333
717,57,yes,200,[0.7 0.1 0.2],49,7,1.25,24.2,0.351031688,24.2
718,58,yes,200,[0.7 0.2 0.1],49,7,1.25,24.81666667,0.34791093,24.81666667
719,59,yes,200,[0.7 0.3 0. ],49,7,1.25,24.81666667,0.345904757,24.81666667
720,60,yes,200,[0.8 0.  0.2],49,7,1.133333333,24.33333333,0.323341178,24.33333333
721,61,yes,200,[0.8 0.1 0.1],49,7,1.25,24.81666667,0.347977067,24.81666667
722,62,yes,200,[ 0.8  0.2 -0. ],49,7,1.25,24.81666667,0.34636772,24.81666667
723,63,yes,200,[0.9 0.  0.1],49,7,1.133333333,24.78333333,0.33994911,24.78333333
724,64,yes,200,[ 0.9  0.1 -0. ],49,7,1.25,24.81666667,0.34791093,24.81666667
725,65,yes,200,[1. 0. 0.],49,7,1.1,25.66666667,0.346440242,25.66666667
